순위,날짜,제목,언론사,내용
1,2026.07.08 09:57,"'골 취소→16강 탈락' 이집트, FIFA에 아르헨티나전 항의서 제출[월...",뉴시스,"[서울=뉴시스] 김진엽 기자 = 하니 아부 리다 이집트축구협회장이 아르헨티나전 주심을 맡았던 프랑스 출신의 프랑수아 르텍시에 심판을 상대로 국제축구연맹(FIFA)에 항의서를 제출했다. 이집트는 8일(한국 시간) 미국 애틀랜타에서 열린 2026 FIFA 북중미 월드컵 16강전에서 아르헨티나에 2-3로 패배했다. 이집트는 2-0으로 리드했지만, 막판 11"
2,2026.07.08 12:20,"""이강인 방출은 역사상 최악의 실수"" 공짜로 내보낸 韓 미드필더 603억...",스포티비뉴스,"[스포티비뉴스=박대현 기자] 5년 전 발렌시아의 이강인 방출은 구단 역사상 최악의 실수라는 평가가 나왔다. 스페인 '엘데스마르케'는 8일(한국시간) ""발렌시아가 이강인의 아틀레티코 마드리드 이적을 예의주시하고 있다""며 ""국제축구연맹(FIFA) 연대기여금을 통해 예상치 못한 수익을 확보할 수 있기 때문""이라고 보도했다. 매체는 ""발렌시아는 2021년"
3,2026.07.08 05:23,"'메시 눈물 펑펑' 진짜 죽다 살았다, PK 2실축 불명예→1골 1도움 ...",스타뉴스,"[스타뉴스 | 이원희 기자] 승리 후 눈물을 흘리는 리오넬 메시. /AFPBBNews=뉴스1리오넬 메시의 골 세리머니(오른쪽). /AFPBBNews=뉴스1'축구의 신' 리오넬 메시(인터 마이애미)가 진짜 죽다 살아났다. 또 한 번 페널티킥을 실축하며 조국 아르헨티나를 패배 위기에 빠뜨렸지만, 후반 막판 미친 활약으로 직접 팀을 구해냈다. 아르헨티나도 기적"
4,2026.07.08 08:01,"1475억에 이강인? 여친+누나 전부 파리에 있는데 애초 불가능…LEE,...",엑스포츠뉴스,"(엑스포츠뉴스 김환 기자) 이강인이 거액의 연봉을 제안한 중동 구단을 거절하고 스페인의 명문 구단 아틀레티코 마드리드로 향한다. 이강인이 아틀레티코를 선택한 배경에는 출전 시간과 스페인이라는 익숙한 환경 등이 있었지만, 유럽에서 함께 지내는 가족과 애인도 신경 쓰지 않기가 어려웠을 것으로 보인다. 아틀레티코 관련 소식에 정통한 루벤 우리아는 7일(한국시간)"
5,2026.07.08 05:03,"'한국 축구 망친 주역' 클린스만, 또 망언세례 ""축구협회가 직접 나서야...",스타뉴스,"[스타뉴스 | 박건도 기자] 지난해 10월 오후 서울 마포구 서울월드컵경기장에서 열린 하나은행 초청 축구 국가대표 평가전 대한민국과 튀니지의 경기, 4-0으로 승리한 대한민국 위르겐 클린스만 전 감독(왼쪽)이 정몽규 전 대한축구협회장과 대화를 나누고 있다. /사진제공=뉴시스한국 축구를 처참하게 망쳐놓고 떠났던 위르겐 클린스만이 미국 대표팀의 월드컵 탈락을"
6,2026.07.08 12:26,"""심판만 못 봤다"" 그라운드 전쟁 번지나? 이집트가 쏘아 올린 '편파 판...",에스티엔,"[STN뉴스] 정아람 기자┃""존중도, 공정한 운영도 없었다."" 아르헨티나의 기적 같은 3-2 역전승으로 끝난 16강전의 뒷맛이 극도로 쓰다. '졌지만 잘 싸웠다'는 평가조차 이집트 선수단과 협회의 분노를 잠재우기엔 역부족이다. 그라운드 위에서 시작된 전쟁은 이제 국제축구연맹(FIFA)을 향한 공식 항의로 번지며 진흙탕 싸움으로 치닫고 있다. 8일(한국"
7,2026.07.08 18:07,"잉글랜드와 8강 앞둔 노르웨이, 선수단 감기 증세…솔바켄 감독 ""출전 문...",스포츠투데이,"[스포츠투데이 신서영 기자] 2026 국제축구연맹(FIFA) 북중미 월드컵 8강전을 앞둔 노르웨이 축구대표팀에 감기 증세가 퍼지면서 우려를 낳고 있다. 로이터 통신은 8일(한국시각) ""스탈레 솔바케 노르웨이 감독이오는 12일 잉글랜드와 8강을 앞두고 일부 선수들의 몸 상태가 좋지 않다고 밝혔다""며 ""한 달 동안 이어진 이동과 강도 높은 경기 일정이 선수단에"
8,2026.07.08 07:56,[그래픽] 2026 북중미 월드컵 16강 결과,뉴스1,"(서울=뉴스1) 양혜림 디자이너,김초희 디자이너 = 아르헨티나는 8일(이하 한국시간) 미국 애틀랜타 스타디움에서 열린 이집트와의 2026 국제축구연맹(FIFA) 북중미 월드컵 16강전에서 3-2로 승리, 8강에 진출했다. 스위스는 8일 오전 5시(이하 한국시각) 캐나다 밴쿠버의 BC플레이스 밴쿠버에서 열린 콜롬비아와의 2026년 북중미월드컵 16강전에서"
9,2026.07.08 06:23,“아르헨티나 월드컵 우승 축하한다” 이집트 에이스 억울함 대폭발…“이번 ...,포포투,[포포투=박진우] 모스타파 지코는 대회가 조작됐다고 강조하며 ‘어차피 우승은 아르헨티나’를 외쳤다. 이집트는 8일 오전 1시(한국시간) 미국 애틀랜타에 위치한 애틀랜타 스타디움에서 열린 2026 국제축구연맹(FIFA) 북중미 월드컵 16강에서 아르헨티나에 2-3 역전패를 당하며 탈락했다. 더할 나위 없는 시작이었다. 이집트는 전반 15분 야세르 이브라
10,2026.07.08 10:59,"'노르웨이 GOAT' 홀란, 8강에서 좌절하나...맨시티 동료들, 입모아...",인터풋볼,"[인터풋볼=송건 기자] 엘링 홀란을 앞세운 노르웨이의 돌풍이 8강에서 멈추게 될까. 팀 동료들이 격전을 앞두고 자신감을 보여줬다. 영국 '더 선'은 8일(이하 한국시간) ""게히는 맨체스터 시티 팀 동료인 홀란과의 2026 FIFA 북중미 월드컵 8강을 손꼽아 기다리고 있다""라고 보도했다. 잉글랜드와 노르웨이는 12일 오전 6시(한국시간) 미국 플로리다"
11,2026.07.08 10:19,"'이강인 대 홀란' 전격 성사됐다...이강인, 아틀레티코 마드리드 유니폼...",OSEN,"[OSEN=서정환 기자] 이강인(25, PSG)이 아틀레티코 마드리드 유니폼을 입고 한국에서 뛴다. 유럽 이적시장 전문가 파브리치오 로마노는 7일(한국시간) ""이강인의 아틀레티코 마드리드 이적이 완료됐다""고 전했다. 계약 기간은 2031년까지 5년이며, 이적료는 기본 3500만 유로(약 610억 원), 옵션 포함 최대 4000만 유로(약 700억 원)"
12,2026.07.08 08:23,"'8강 대진 완성' 유럽 6팀 생존, 남미는 메시의 아르헨뿐…프랑스-모로...",OSEN,"[OSEN=정승우 기자] 2026 국제축구연맹(FIFA) 북중미 월드컵 8강 대진이 모두 완성됐다. 우승을 향한 경쟁은 이제 8개 팀만 남았다. 이번 대회 8강은 프랑스-모로코, 스페인-벨기에, 노르웨이-잉글랜드, 아르헨티나-스위스의 맞대결로 압축됐다. 개최국 미국, 캐나다, 멕시코는 모두 16강에서 탈락했다. 이에 따라 남은 8강, 4강, 3·4위전,"
13,2026.07.08 12:08,"'월드컵 데뷔전 데뷔골' 韓 스타 공격수 오현규, 대형 시련 닥치나......",OSEN,"[OSEN=고성환 기자] 오현규(25, 베식타스)의 입지가 위험해질 수 있다. 새로운 감독이 부임한 베식타스가 대형 스트라이커 영입을 노리고 있다는 소식이다. 튀르키예 '아 하베르'는 7일(한국시간) ""베식타스에 이어 페네르바체도 참전! 새 시즌을 앞두고 우승을 목표로 하는 페네르바체 역시 루카쿠 영입을 추진하고 있다. 베식타스도 그에게 관심을 보이고"
14,2026.07.08 08:09,“당신은 축구가 안 맞는 것” 메시의 소신 발언 “왜 이게 논란인지 이해...,스포츠경향,아르헨티나의 주장 리오넬 메시가 아집트전 나온 득점 취소 논란에 입을 열었다. 아르헨티나 축구대표팀은 8일(한국시간) 미국 조지아 애틀랜타에 있는 메르세데스-벤츠 스타디움에서 열린 2026 국제축구연맹(FIFA) 북중미 월드컵 16강에서 이집트를 만나 3-2로 승리했다. 명경기였다. 아르헨티나는 지난 2022 카타르 월드컵 우승팀이자 이번 북중미도 우승
15,2026.07.07 12:19,"""손흥민도 분명 이랬을 거야""...승리 직후 '이집트의 왕' 살라가 보인...",MHN스포츠,(MHN 황혜성 기자) 모하메드 살라가 ‘이집트의 왕’다운 품격을 보여줬다. 이집트는 지난 4일(한국시간) 미국 댈러스 스타디움에서 열린 2026 FIFA 북중미 월드컵 32강전에서 호주와 1-1로 비긴 뒤 승부차기에서 4-2로 승리했다. 살라를 포함한 이집트 선수들은 침착하게 승부차기를 성공시키며 월드컵 토너먼트 첫 승이라는 역사적인 순간을 만들었다.
16,2026.07.08 20:41,"""하루 6끼, 곰처럼 먹는다""…195cm 괴물 공격수 홀란 이렇게 만들어...",엑스포츠뉴스,"(엑스포츠뉴스 윤준석 기자) 2026 국제축구연맹(FIFA) 북중미 월드컵에서 놀라운 득점 행진을 보여주고 있는 노르웨이 축구대표팀 공격수 엘링 홀란의 식단이 전 세계 축구팬들의 관심을 받고 있다. 하루 무려 6끼를 먹고 약 6000칼로리를 섭취하는 것으로 알려졌다. 영국 '더 선'은 8일(한국시간) 홀란의 식습관과 식단을 집중 조명하며 ""잉글랜드와의 월드"
17,2026.07.07 21:01,"호날두 '노욕', 조국도 등 돌렸다…""너무 지나쳤다"", ""작별의 시간"" ...",엑스포츠뉴스,(엑스포츠뉴스 김환 기자) 포르투갈 언론조차 자국 축구 역사상 최고의 선수에게 질려버렸다. 포르투갈 축구 국가대표팀이 2026 국제축구연맹(FIFA) 북중미 월드컵 16강전에서 스페인에 패해 탈락한 뒤 포르투갈 언론들이 자국 최고의 축구 스타 크리스티아누 호날두를 향해 비판을 쏟아내고 있다. 스페인전을 앞두고 이번 대회가 자신의 마지막 월드컵이 될 거라고
18,2026.07.08 07:23,"""메시를 위해 우리가 희생됐다, 명백한 조작"" 이집트 감독, '2-0→2...",OSEN,[OSEN=강필주 기자] '디펜딩 챔피언' 아르헨티나에 뼈아픈 대역전패를 당한 이집트 축구대표팀이 단단히 뿔이 났다. 호삼 하산(60) 감독이 이끄는 이집트는 8일(한국시간) 미국 애틀란타의 애틀랜타 스타디움에서 열린 2026 국제축구연맹(FIFA) 북중미 월드컵 16강전에서 리오넬 메시가 1골 1도움으로 활약한 아르헨티나에 2-3으로 역전패했다. 이
19,2026.07.08 20:01,"월드컵 못 간 '日 에이스' 미토마, 도쿄서 교통사고→""48세 여성 부상...",엑스포츠뉴스,"(엑스포츠뉴스 김정현 기자) 일본 축구 스타 미토마 가오루가 도쿄 시내에서 교통 사고를 냈다. 일본 방송 '아사히 TV'는 8일 속보를 통해 미토마가 이날 오전 교통사고에 휩싸였다고 보도했다. 매체는 ""미토마가 운전 중 사고를 일으켜 자전거를 타던 48세 여성을 다치게 한 사실이 밝혀졌다. 수사관들에 따르면, 8일 오전 8시 30분 도쿄 이타바시구에서"
20,2026.07.08 10:07,"프랑스 검찰까지 움직인다…음바페 향한 ""침팬지·야만인"" 인종차별 파문 파...",엑스포츠뉴스,"(엑스포츠뉴스 윤준석 기자) 프랑스 축구대표팀 주장 킬리안 음바페를 향한 인종차별적 발언이 국제적인 파문으로 번지면서 프랑스 검찰이 공식 수사에 착수했다. 프랑스축구연맹(FFF)의 고발 이후 온라인 혐오 표현 전담 기관을 통해 사건이 접수됐고, 검찰은 해당 발언이 형사처벌 대상이 될 수 있는지를 본격적으로 들여다보기 시작했다. 영국 '가디언'의 8일(한국시"
